{
  "project_info": {
    "project_number": "1096455985570",
    "firebase_url": "https://workout-1abe4.firebaseio.com",
    "project_id": "workout-1abe4",
    "storage_bucket": "workout-1abe4.appspot.com"
  },
  "client": [
    {
      "client_info": {
        "mobilesdk_app_id": "1:1096455985570:android:80914427f01d4c2b0e3afb",
        "android_client_info": {
          "package_name": "com.betazeon.ideaevaluator"
        }
      },
      "oauth_client": [
        {
          "client_id": "1096455985570-nsn42dbj5qb7qbshf0o86a262l57v354.apps.googleusercontent.com",
          "client_type": 3
        }
      ],
      "api_key": [
        {
          "current_key": "AIzaSyDSOJbZXcK5ZterE7Y38wlmWBJFtatPQ5M"
        }
      ],
      "services": {
        "appinvite_service": {
          "other_platform_oauth_client": [
            {
              "client_id": "1096455985570-nsn42dbj5qb7qbshf0o86a262l57v354.apps.googleusercontent.com",
              "client_type": 3
            }
          ]
        }
      }
    },
    {
      "client_info": {
        "mobilesdk_app_id": "1:1096455985570:android:926e402c04555d9b0e3afb",
        "android_client_info": {
          "package_name": "com.cyberwake.gymworkoutplanner"
        }
      },
      "oauth_client": [
        {
          "client_id": "1096455985570-nsn42dbj5qb7qbshf0o86a262l57v354.apps.googleusercontent.com",
          "client_type": 3
        }
      ],
      "api_key": [
        {
          "current_key": "AIzaSyDSOJbZXcK5ZterE7Y38wlmWBJFtatPQ5M"
        }
      ],
      "services": {
        "appinvite_service": {
          "other_platform_oauth_client": [
            {
              "client_id": "1096455985570-nsn42dbj5qb7qbshf0o86a262l57v354.apps.googleusercontent.com",
              "client_type": 3
            }
          ]
        }
      }
    }
  ],
  "configuration_version": "1"
}